<xml><table name="Punto"><row id="3400077"><lat>-33.157694</lat><lon>-57.449485</lon><nombre>AX181</nombre></row></table><table name="Muestreo"><row id="2651"><punto>3400077</punto><anioMuestreo>2014</anioMuestreo></row></table><table name="DatosGenerales"><row id="1"><muestreo>2651</muestreo><tipoDeBosque>3</tipoDeBosque><subbosque>None</subbosque><fecha>2016-04-08</fecha><facilidadProgresion>1</facilidadProgresion><departamento>13</departamento><propietario>no se define</propietario><predio>no se define</predio></row></table><table name="Distancias"><row id="1"><muestreo>2651</muestreo><carreteraCaminoVecinal>109.1</carreteraCaminoVecinal><caminoVecinalCaminoAcceso>7.5</caminoVecinalCaminoAcceso><caminoAccesoPuntoGPS>1431.0</caminoAccesoPuntoGPS><puntoGPSCentroParcela>0.0</puntoGPSCentroParcela><rumboCaminoCentroParcela>0.0</rumboCaminoCentroParcela><track>GPX.track_20160617102643627000.gpx</track></row></table><table name="CoordenadasParcela"><row id="1"><sur>-34.42218</sur><oeste>-57.12505</oeste><altitud>9.0</altitud><muestreo>2651</muestreo></row></table><table name="Fauna"><row id="1"><muestreo>2651</muestreo><especie>2596</especie><frec>0</frec></row></table><table name="Fotos"><row id="1"><muestreo>2651</muestreo><tipoFoto>8</tipoFoto><descr>Ruta 1</descr><foto>undefined</foto><lat>-33.1</lat><lon>-55.1</lon></row></table><table name="EquipoTrabajo"><row id="1"><muestreo>2651</muestreo><cargo>Encargado</cargo><nombre>Nicol&#225;s</nombre></row><row id="2"><muestreo>2651</muestreo><cargo>Operario</cargo><nombre>Alexandra</nombre></row></table><table name="Observaciones"><row id="1"><muestreo>2651</muestreo><observacion /></row></table><table name="Plantacion" /><table name="Agua"><row id="1"><muestreo>2651</muestreo><tipoCaudal>[18L]</tipoCaudal><manejo>False</manejo><frecuencia>3</frecuencia><acuacultura>False</acuacultura><gradoContaminacion>5</gradoContaminacion></row></table><table name="NombreAfluentes" /><table name="Relieve"><row id="1"><muestreo>2651</muestreo><ubicacion>4</ubicacion><exposicion>3</exposicion><pendiente>1.0</pendiente><formaPendiente>4</formaPendiente></row></table><table name="Suelo"><row id="1"><muestreo>2651</muestreo><usoTierra>[8L]</usoTierra><usoPrevio>2</usoPrevio><tipoLabranza>None</tipoLabranza><gradoErosion>2</gradoErosion><tipoErosion>[10L]</tipoErosion><profundidadPrimerHorizonte>2</profundidadPrimerHorizonte><profundidadMantillo>2</profundidadMantillo><profundidadHumus>2</profundidadHumus><color>11</color><textura>[6L]</textura><estructura>6</estructura><drenaje>3</drenaje><infiltracion>3</infiltracion><impedimento>False</impedimento><olor>False</olor><humedad>2</humedad><pedregosidad>0.0</pedregosidad><rocosidad>0.0</rocosidad><micorrizas>False</micorrizas><faunaSuelo>False</faunaSuelo><raices>2</raices><grupoConeat>1</grupoConeat></row></table><table name="CoberturaVegetal"><row id="1"><muestreo>2651</muestreo><gradoCoberturaCopas>6</gradoCoberturaCopas><gradoSotobosque>2</gradoSotobosque><coberturaHerbacea>2</coberturaHerbacea><coberturaResiduosPlantas>5</coberturaResiduosPlantas><coberturaResiduosCultivos>1</coberturaResiduosCultivos></row></table><table name="ProductosNoMadereros"><row id="1"><muestreo>2651</muestreo><tipoGanado>[13L]</tipoGanado><intensidadPastoreo>2</intensidadPastoreo><sistemasProduccion>[8L]</sistemasProduccion><produccionApicola>False</produccionApicola><sombra>True</sombra><rompeVientos>False</rompeVientos><recoleccionHongos>False</recoleccionHongos><aceitesEsenciales>False</aceitesEsenciales><obtencionSemillas>False</obtencionSemillas><actividadesCasaPesca>False</actividadesCasaPesca><actividadesRecreacion>False</actividadesRecreacion><estudiosCientificos>False</estudiosCientificos><fijacionCarbono>False</fijacionCarbono></row></table><table name="Flora"><row id="1"><muestreo>2651</muestreo><tipoSotobosque>[5L]</tipoSotobosque><alturaSotobosque>0.3</alturaSotobosque></row></table><table name="FloraDelSuelo"><row id="3"><muestreo>2651</muestreo><nombreCientifico>863</nombreCientifico><frecuencia>11</frecuencia></row></table><table name="ProblemasAmbientales"><row id="1"><muestreo>2651</muestreo><pobreCalidadAgua>False</pobreCalidadAgua><polucionAire>False</polucionAire><perdidaFertilidad>False</perdidaFertilidad><invasionEspecies>True</invasionEspecies><presenciaPesticidas>False</presenciaPesticidas></row></table><table name="ForestacionMantenimientoEstructura" /><table name="Fuego"><row id="1"><muestreo>2651</muestreo><evidenciaFuego>[5L]</evidenciaFuego><tipoFuego>[6L]</tipoFuego><propositoFuego>[10L]</propositoFuego></row></table><table name="EspeciesInvasoras"><row id="1"><muestreo>2651</muestreo><nombreCientifico>123</nombreCientifico><severidad>3</severidad></row><row id="2"><muestreo>2651</muestreo><nombreCientifico>122</nombreCientifico><severidad>2</severidad></row></table><table name="ParcelasBosquePlantado" /><table name="ParcelasBosqueNatural"><row id="1"><muestreo>2651</muestreo><numArbol>1</numArbol><dap1>0.32</dap1><dap2>0.32</dap2><nombreCientifico>64</nombreCientifico><rangoEdad>5</rangoEdad><ht>6.2</ht><estrato>3</estrato><observaciones /></row></table><table name="MuestreoTipoReporte"><row id="1"><muestreo>2651</muestreo><tipo>1</tipo><comentario>La parcela se instal&#243; a 25 m del punto GPS (fuera del bosque) </comentario></row></table><table name="EnfermedadesPino" /><table name="EnfermedadesEucalyptus" /><empresa>Tecnicos_srl</empresa><anio>2014</anio></xml>