<xml><table name="Punto"><row id="3400077"><lat>-33.157694</lat><lon>-57.449485</lon><nombre>AX181</nombre></row></table><table name="Muestreo"><row id="2651"><punto>3400077</punto><anioMuestreo>2014</anioMuestreo></row></table><table name="DatosGenerales"><row id="1"><muestreo>2651</muestreo><tipoDeBosque>2</tipoDeBosque><subbosque>22</subbosque><fecha>2016-06-02</fecha><facilidadProgresion>1</facilidadProgresion><departamento>9</departamento><propietario>Alguien</propietario><predio>Alguno</predio></row></table><table name="Distancias"><row id="1"><muestreo>2651</muestreo><carreteraCaminoVecinal>1.0</carreteraCaminoVecinal><caminoVecinalCaminoAcceso>2.0</caminoVecinalCaminoAcceso><caminoAccesoPuntoGPS>3.0</caminoAccesoPuntoGPS><puntoGPSCentroParcela>4.0</puntoGPSCentroParcela><rumboCaminoCentroParcela>5.0</rumboCaminoCentroParcela><track>GPX.track_20160602193314331000.gpx</track></row></table><table name="CoordenadasParcela"><row id="1"><sur>-33.2283</sur><oeste>-55.0578</oeste><altitud>1.0</altitud><muestreo>2651</muestreo></row></table><table name="Fauna"><row id="1"><muestreo>2651</muestreo><especie>2769</especie><frec>3</frec></row></table><table name="Fotos"><row id="1"><muestreo>2651</muestreo><tipoFoto>1</tipoFoto><descr>descripci&#243;n</descr><foto>undefined</foto><lat>-33.2283</lat><lon>-55.0578</lon></row></table><table name="EquipoTrabajo"><row id="1"><muestreo>2651</muestreo><cargo>programador</cargo><nombre>Danilo</nombre></row></table><table name="Observaciones"><row id="1"><muestreo>2651</muestreo><observacion>no hay</observacion></row></table><table name="Plantacion"><row id="1"><muestreo>2651</muestreo><genero>1</genero><especie>1</especie><rangoEdad>2</rangoEdad><raleo>2</raleo><tienePoda>True</tienePoda><alturaPoda>1.0</alturaPoda><parcelaRegular>False</parcelaRegular><distanciaFila>1.0</distanciaFila><distanciaEntreFila>2.0</distanciaEntreFila><cantidadFilas>3</cantidadFilas><distanciaSilvopastoreo>4.0</distanciaSilvopastoreo><adaptacionEspecie>2</adaptacionEspecie><regimen>2</regimen><estadoGeneral>2</estadoGeneral></row></table><table name="Agua"><row id="1"><muestreo>2651</muestreo><tipoCaudal>[12L]</tipoCaudal><manejo>False</manejo><frecuencia>3</frecuencia><acuacultura>False</acuacultura><gradoContaminacion>2</gradoContaminacion></row></table><table name="NombreAfluentes"><row id="1"><muestreo>2651</muestreo><nombre>rio</nombre><tipo>12</tipo><distancia>10.0</distancia></row></table><table name="Relieve"><row id="1"><muestreo>2651</muestreo><ubicacion>6</ubicacion><exposicion>10</exposicion><pendiente>50.0</pendiente><formaPendiente>4</formaPendiente></row></table><table name="Suelo"><row id="1"><muestreo>2651</muestreo><usoTierra>[6L]</usoTierra><usoPrevio>2</usoPrevio><tipoLabranza>4</tipoLabranza><gradoErosion>4</gradoErosion><tipoErosion>[8L]</tipoErosion><profundidadPrimerHorizonte>4</profundidadPrimerHorizonte><profundidadMantillo>3</profundidadMantillo><profundidadHumus>4</profundidadHumus><color>7</color><textura>[5L]</textura><estructura>6</estructura><drenaje>2</drenaje><infiltracion>2</infiltracion><impedimento>False</impedimento><olor>False</olor><humedad>3</humedad><pedregosidad>10.0</pedregosidad><rocosidad>10.0</rocosidad><micorrizas>True</micorrizas><faunaSuelo>True</faunaSuelo><raices>2</raices><grupoConeat>2</grupoConeat></row></table><table name="CoberturaVegetal"><row id="1"><muestreo>2651</muestreo><gradoCoberturaCopas>6</gradoCoberturaCopas><gradoSotobosque>6</gradoSotobosque><coberturaHerbacea>6</coberturaHerbacea><coberturaResiduosPlantas>&amp;gt70%</coberturaResiduosPlantas><coberturaResiduosCultivos>&amp;gt70%</coberturaResiduosCultivos></row></table><table name="ProductosNoMadereros"><row id="1"><muestreo>2651</muestreo><tipoGanado>[7L]</tipoGanado><intensidadPastoreo>2</intensidadPastoreo><sistemasProduccion>[5L]</sistemasProduccion><produccionApicola>True</produccionApicola><sombra>True</sombra><rompeVientos>True</rompeVientos><recoleccionHongos>True</recoleccionHongos><aceitesEsenciales>True</aceitesEsenciales><obtencionSemillas>True</obtencionSemillas><actividadesCasaPesca>True</actividadesCasaPesca><actividadesRecreacion>True</actividadesRecreacion><estudiosCientificos>True</estudiosCientificos><fijacionCarbono>True</fijacionCarbono></row></table><table name="Flora"><row id="1"><muestreo>2651</muestreo><tipoSotobosque>[4L]</tipoSotobosque><alturaSotobosque>2.0</alturaSotobosque></row></table><table name="FloraDelSuelo"><row id="1"><muestreo>2651</muestreo><nombreCientifico>813</nombreCientifico><frecuencia>11</frecuencia></row></table><table name="ProblemasAmbientales"><row id="1"><muestreo>2651</muestreo><pobreCalidadAgua>True</pobreCalidadAgua><polucionAire>True</polucionAire><perdidaFertilidad>True</perdidaFertilidad><invasionEspecies>True</invasionEspecies><presenciaPesticidas>True</presenciaPesticidas></row></table><table name="ForestacionMantenimientoEstructura"><row id="1"><muestreo>2651</muestreo><origenPlantacion>2</origenPlantacion><estructura>2</estructura><propiedadTierra>Particular</propiedadTierra><planManejo>True</planManejo><gradoIntervencion>2</gradoIntervencion><destinoMadera>[7L]</destinoMadera><manejoSilvicultural>True</manejoSilvicultural><tecnologiaExplotacion>2</tecnologiaExplotacion></row></table><table name="Fuego"><row id="1"><muestreo>2651</muestreo><evidenciaFuego>[7L]</evidenciaFuego><tipoFuego>[9L]</tipoFuego><propositoFuego>[17L]</propositoFuego></row></table><table name="EspeciesInvasoras" /><table name="ParcelasBosquePlantado"><row id="1"><muestreo>2651</muestreo><numArbol>1</numArbol><dap1>0.08</dap1><dap2>0.08</dap2><distancia>1.0</distancia><direccionRumbo>1.0</direccionRumbo><hc>1.0</hc><ht>10.0</ht><hPoda>1.0</hPoda><forma>2</forma><espesorCorteza>1.0</espesorCorteza><observaciones>1</observaciones><radio>6</radio></row><row id="2"><muestreo>2651</muestreo><numArbol>2</numArbol><dap1>0.2</dap1><dap2>0.2</dap2><distancia>2.0</distancia><direccionRumbo>2.0</direccionRumbo><hc>2.0</hc><ht>20.0</ht><hPoda>20.0</hPoda><forma>2</forma><espesorCorteza>2.0</espesorCorteza><observaciones>20</observaciones><radio>10</radio></row></table><table name="ParcelasBosqueNatural" /><table name="MuestreoTipoReporte"><row id="1"><muestreo>2651</muestreo><tipo>1</tipo><comentario /></row></table><table name="EnfermedadesPino" /><table name="EnfermedadesEucalyptus" /><empresa>Tecnicos_srl</empresa><anio>2014</anio></xml>